<?xml version="1.0" encoding="UTF-8" ?>
<!-- 
Four spheres with reflections turned on.
(This file is generated by make_scenes.py. Edit and re-run
that script rather than editing this file.)
  -->
<scene>

  <exposure>10</exposure>
  <camera type="PerspectiveCamera">
    <viewPoint>5.5 2.7 2</viewPoint>
    <viewDir>-5.5 -3.3 -2</viewDir>
    <viewUp>0 1 0</viewUp>
    <projDistance>10</projDistance>
    <viewWidth>6</viewWidth>
    <viewHeight>6</viewHeight>
  </camera>
  <image>
    400 400
  </image>

  <shader name="red" type="Lambertian">
    <diffuseColor>0 0 0</diffuseColor>
    <mirrorCoefficient>.95 .95 .95</mirrorCoefficient>
  </shader>
  <shader name="green" type="Lambertian">
    <diffuseColor>.2 .8 .1</diffuseColor>
    <mirrorCoefficient>.3 .3 .3</mirrorCoefficient>
  </shader>
  <shader name="blue" type="Lambertian">
    <diffuseColor>.15 .25 .9</diffuseColor>
    <mirrorCoefficient>.3 .3 .3</mirrorCoefficient>
  </shader>
  <shader name="floor" type="Lambertian">
    <diffuseColor>.2 .2 .2</diffuseColor>
    <mirrorCoefficient>.3 .3 .3</mirrorCoefficient>
  </shader>

  <surface type="Sphere">
    <shader ref="red" />
    <center>0.8660 0.0 0.5</center>
    <radius>0.6</radius>
  </surface>
  <surface type="Sphere">
    <shader ref="green" />
    <center>-0.8660 0.0 0.5</center>
    <radius>0.6</radius>
  </surface>
  <surface type="Sphere">
    <shader ref="blue" />
    <center>0 0.0 -1</center>
    <radius>0.6</radius>
  </surface>
  <surface type="Sphere">
    <shader ref="floor" />
    <center>0 -100 0</center>
    <radius>99.4</radius>
  </surface>
  <light>
    <position>3 4 5</position>
    <intensity>11 11 11</intensity>
  </light>
  <light>
    <position>1 7 -5</position>
    <intensity>7 7 7</intensity>
  </light>
  <light>
    <position>5.5 2.7 2</position>
    <intensity>2 2 2</intensity>
  </light>
</scene>
