<?xml version="1.0" encoding="UTF-8" ?>
<!-- 
Test scene with a single sphere
(This file is generated by make_scenes.py. Edit and re-run
that script rather than editing this file.)
  -->
<scene>

    <exposure>10</exposure>
    
  <camera type="PerspectiveCamera">
    <viewPoint>2.5 2 1.5</viewPoint>
    <viewDir>-2.5 -2 -1.5</viewDir>
    <viewUp>0 1 0</viewUp>
    <projDistance>5</projDistance>
    <viewWidth>5</viewWidth>
    <viewHeight>5</viewHeight>
  </camera>
  <image>
    300 300
  </image>
  <shader name="blue" type="Phong">
    <diffuseColor>.2 .3 .8</diffuseColor>
    <specularColor>0.2 0.2 0.2</specularColor>
    <exponent>40</exponent>
  </shader>
    
  <surface type="Sphere">
    <shader ref="blue" />
    <center>0 0 0</center>
    <radius>1</radius>
  </surface>
  <light>
    <position>3 4 5</position>
    <intensity>10 10 10</intensity>
  </light>
  <light>
    <position>-10 1 3</position>
    <intensity>10 10 10</intensity>
  </light>
</scene>
