<?xml version="1.0" encoding="UTF-8" ?>
<!-- 
Faceted Stanford bunny
(This file is generated by make_scenes.py. Edit and re-run
that script rather than editing this file.)
  -->
<scene>

  <exposure>20</exposure>
  <camera type="PerspectiveCamera">
    <viewPoint>4 6 8</viewPoint>
    <viewDir>-4 -6 -8</viewDir>
    <viewUp>0 1 0</viewUp>
    <projDistance>2</projDistance>
    <viewWidth>0.5</viewWidth>
    <viewHeight>0.5</viewHeight>
  </camera>
  <image>
    400 400
  </image>

  <shader name="ground" type="Lambertian">
    <diffuseColor>.04 0.12 0.024</diffuseColor>
  </shader>
  <shader name="bunny" type="MicrofacetBeckmann">
    <diffuseColor>0.8 0.4 0.1</diffuseColor>
    <nt>1.6</nt>
    <alpha>0.200000</alpha>
  </shader>

  <surface type="Mesh">
    <shader ref="bunny" />
    <data>../../meshes/bunny.obj</data>
  </surface>
  <surface type="Box">
    <minpt>-3 -2 -3</minpt>
    <maxpt>3 -0.9 3</maxpt>
    <shader ref="ground" />
  </surface>
  
  <light>
    <position>3 10 5</position>
    <intensity>25 25 25</intensity>
  </light>
</scene>
