<?xml version="1.0" encoding="UTF-8" ?>
<!-- 
Utah teapot with smoother Beckmann microfacet material
(This file is generated by make_scenes.py. Edit and re-run
that script rather than editing this file.)
  -->
<scene>

  <exposure>15</exposure>
  <camera type="PerspectiveCamera">
    <viewPoint>4 6 6</viewPoint>
    <viewDir>-3.5 -4.65 -6</viewDir>
    <viewUp>0 1 0</viewUp>
    <projDistance>5</projDistance>
    <viewWidth>5</viewWidth>
    <viewHeight>3</viewHeight>
  </camera>
  <image>
    400 240
  </image>

  <shader name="teapot" type="Phong">
    <diffuseColor>.1 .15 .4</diffuseColor>
    <specularColor>0.2 0.2 0.2</specularColor>
    <exponent>25</exponent>
    <!-- <mirrorCoefficient>0.3 0.3 0.3</mirrorCoefficient> -->
  </shader>

  <surface type="Mesh">
    <shader ref="teapot" />
    <data>../../meshes/teapot.obj</data>
  </surface>
  <light>
    <position>7 6 10</position>
    <intensity>40 40 40</intensity>
  </light>
  <light>
    <position>4 3 -6</position>
    <intensity>30 30 30</intensity>
  </light>
</scene>
